9.6,7.451565480374781,9.787725867619049,79.05466666666666,0.0,0,0.010938234999999352
7.3,5.484844157715975,9.794938573095237,78.118,0.0,0,0.009715805000000799
5.9,1.8308473632602995,9.803066661428574,77.55533333333334,0.0,0,0.010577249999998983
6.5,3.348571131061088,9.812102723333334,76.92599999999999,0.0,0,0.011429123333330793
5.4,-0.008464918453026549,9.822038541190476,76.412,0.0,0,0.01227072833333942
5.3,3.3390226612434715,9.832865115952382,75.39266666666666,0.0,0,0.013101405000000454
5.5,3.78490398881918,9.844572697142857,74.52733333333333,0.0,0,0.01392052166666069
7.3,3.5744135425421204,9.85682159952381,84.58666666666666,15.5,0,0.014727483333338398
7.2,3.630228928117652,9.869899920952381,86.956,4.0,0,0.015521738333330148
3.6,1.6714820253061147,9.883796173095238,85.87933333333334,0.0,0,0.01630276500000072
4.3,3.2276167927539197,9.89849827714286,84.97133333333333,0.0,0,0.017070086666670647
5.3,3.8196990364217127,9.913993600000001,84.21066666666665,0.0,0,0.01782326000000012
5.1,3.2431838903864607,9.930268991190477,83.14333333333333,0.0,0,0.018561883333330087
4.2,1.462701663839133,9.94731082190476,82.166,0.0,0,0.019285598333299347
3.0,-4.063672927092264,9.96510502357142,82.004,0.0,0,0.019994080000000025
4.8,4.105775124203066,9.983637126428562,81.03733333333332,0.0,0,0.020687046666699516
5.8,3.78551714355467,10.002892299047605,80.08999999999999,0.0,0,0.021364253333299388
5.2,3.1677425036435656,10.022855386666652,79.24133333333333,0.0,0,0.022025491666701313
4.2,3.5215686390873477,10.04351095071427,78.16,0.0,0,0.02267059499999924
4.8,2.74495498798463,10.064843306666656,77.28733333333334,0.0,0,0.02329942666669993
6.3,4.413907614162752,10.086836561666658,77.84,2.0,0,0.023911891666600127
5.5,4.915261879826974,10.109474651904758,77.90933333333334,1.5,0,0.02450792666670054
6.5,4.938313576310313,10.132741377857142,76.70599999999999,0.0,0,0.02508749666669985
7.2,5.487141500097326,10.156620439761914,75.83399999999997,0.0,0,0.02565060499999916
8.4,4.93884599596626,10.181095471666671,75.37066666666665,0.0,0,0.026197281666600958
9.5,6.661813094798371,10.20615007357143,74.60599999999998,0.0,0,0.02672758499999972
4.6,3.8422741915198975,10.23176784333333,73.40733333333331,0.0,0,0.027241601666700532
8.8,7.217503245433252,10.257932405714287,72.13999999999999,0.0,0,0.027739439999999504
8.9,7.915322352857209,10.284627441190471,70.85599999999998,0.0,0,0.028221238333300036
10.3,6.80942602844653,10.31183671285713,71.82333333333332,1.5,0,0.02868714999999966
9.9,8.818797529191379,10.339544091904743,70.50533333333331,0.0,0,0.029137356666700143
7.9,7.007730973880636,10.367733581190459,69.52266666666664,0.0,0,0.029572053333300374
9.3,7.5196284784518275,10.396389336904743,69.04866666666665,0.0,0,0.02999144999999892
12.8,12.356065829845292,10.425495689761886,68.2393333333333,0.0,0,0.030395781666701538
5.0,-0.3132395530781027,10.455037163809498,71.57266666666663,5.0,0,0.03078528833329841
1.6,2.051308240238664,10.484998493333316,70.40599999999998,0.0,0,0.031160226666701263
2.7,-0.21965419831023159,10.515364639285698,69.55333333333331,0.0,0,0.031520864999999176
4.0,3.7138854497645992,10.54612080261903,68.36666666666665,0.0,0,0.03186747833330017
0.3,-4.4118270124714245,10.577252437380944,88.0333333333333,29.5,0,0.032200353333399434
5.4,6.347722577158712,10.608745262380944,88.01533333333332,1.5,0,0.03251978166660052
6.0,4.25425718156379,10.6405852697619,86.94533333333332,0.0,0,0.032826058333400354
3.3,-0.6906998257803467,10.672758734285713,86.54733333333331,0.0,0,0.03311948833330014
4.8,3.171248914366454,10.70525222,85.76133333333331,0.0,0,0.03340037499999937
5.3,1.6373717922685982,10.738052585714286,85.21466666666664,0.0,0,0.03366902500000002
1.4,-3.337891534386576,10.771146990238098,100.0,28.5,6.321999999999974,0.033925749999999866
3.9,2.612104105184815,10.804522894523814,100.0,67.5,67.19800000000001,0.034170851666701196
6.9,8.211727764778583,10.838168064285727,98.44866666666667,0.0,0,0.034404639999999986
7.3,6.95166152137515,10.872070571904771,96.99133333333333,0.0,0,0.03462742333329949
4.7,5.375428451163152,10.9062187952381,95.54599999999999,0.0,0,0.0348394983332998
4.7,4.38209476156183,10.940601417619058,94.31666666666666,0.0,0,0.03504116833340021
4.6,2.8840801627109114,10.9752074257143,93.44533333333334,0.0,0,0.03523272500000019
5.5,6.479870010312626,11.010026106904773,91.90066666666667,0.0,0,0.03541446166659945
5.1,6.084292640536861,11.045047046190488,90.39533333333333,0.0,0,0.03558665833340058
5.6,3.3672521037250887,11.080260121904772,89.64866666666666,0.0,0,0.03574959500000041
6.3,4.310468587479522,11.115655500714299,88.88466666666666,0.0,0,0.03590354500000004
8.2,9.192041718240443,11.151223633095258,87.39466666666665,0.0,0,0.03604877333329881
10.0,10.80228604082098,11.186955246428585,85.72733333333332,0.0,0,0.03618553499999955
10.0,6.7962918757009545,11.222841339047628,90.72733333333332,7.5,0,0.03631408000000036
13.8,14.082238278698966,11.258873172619056,100.0,18.0,1.9679999999999893,0.03643464833329979
8.9,4.674158190093695,11.295042266190487,100.0,1.0,1.0,0.03654747833340011
5.6,1.9806179879561396,11.331340387142857,100.0,15.0,15.0,0.036652786666600434
6.6,6.040605707332072,11.367759543571427,99.81866666666667,1.0,0,0.03675079333340037
6.9,8.653841807667856,11.404291975476184,98.95,1.0,0,0.03684170166659939
6.5,3.0078642800578015,11.44093014642857,100.0,30.0,28.42500000000001,0.03692570833340092
5.4,7.53668317920719,11.477666734285716,98.17933333333335,0.0,0,0.037002998333299786
4.4,4.538367686667772,11.514494622857143,96.86399999999999,0.0,0,0.03707375333329921
5.9,8.026391966249435,11.551406890952373,95.10133333333333,0.0,0,0.03713813500000107
6.4,7.561873779011509,11.588396804047614,93.72133333333333,0.0,0,0.03719630166670029
4.9,5.717235527927758,11.625457804047613,92.30333333333333,0.0,0,0.03724840166669985
6.1,8.884235695569508,11.662583499523814,90.37266666666667,0.0,0,0.03729456999999847
11.0,11.653264975220353,11.699767655952387,88.49,0.0,0,0.03733493500000051
12.3,9.737138869173847,11.737004185952385,100.0,30.5,13.234999999999985,0.03736961333330058
10.1,5.375866032943477,11.774287138333344,99.536,0.0,0,0.037398709999999724
8.3,10.997061506566407,11.811610688571443,97.48133333333334,0.0,0,0.03742231999999923
10.8,12.941189590798487,11.848969128333342,95.44,0.0,0,0.037440528333300804
12.1,13.903210842064041,11.886356855952386,93.33333333333333,0.0,0,0.037453416666700434
15.4,17.07225191869043,11.9237683652381,91.24533333333333,0.0,0,0.037461041666698947
11.2,8.707474320199594,11.961198236190471,90.10733333333334,0.0,0,0.037463466666601164
8.1,4.399931498094879,11.99864112357143,100.0,17.0,2.1610000000000014,0.037460728333400084
10.1,10.54222108053926,12.036091747857142,98.12533333333332,0.0,0,0.03745286833329864
9.3,12.006854457317957,12.073544884761901,95.80399999999999,0.0,0,0.03743990833330102
11.6,13.01029054155898,12.110995355238101,93.428,0.0,0,0.037421863333399585
13.6,14.740315305455486,12.148438014285714,90.77199999999999,0.0,0,0.03739873666659932
16.6,16.824684377937782,12.185867742857145,88.11599999999999,0.0,0,0.037370528333401154
16.4,13.69973323913468,12.223279435714286,87.19666666666666,0.0,0,0.03733721666660017
12.6,8.959928622296822,12.26066799357143,90.19666666666666,4.5,0,0.037298783333399754
14.8,16.73530669078308,12.29802831142857,87.67466666666667,0.0,0,0.037255188333299216
17.7,18.36178330729254,12.335355269523815,84.98733333333332,0.0,0,0.0372063899999997
16.5,13.604807598682072,12.372643724047615,93.98733333333334,13.5,0,0.037152338333299895
15.7,16.206726765760127,12.409888497142857,90.896,0.0,0,0.0370929666667017
13.9,14.375532028625354,12.447084366666658,88.27066666666667,0.0,0,0.037028203333299814
15.2,16.245799765220923,12.484226057619043,86.08,0.0,0,0.036957966666699704
13.8,11.758185152949391,12.521308232380944,100.0,65.0,44.120000000000005,0.03688217000000016
15.3,16.00401394551932,12.558325481904758,100.0,40.0,37.873999999999995,0.03680071166670018
11.4,12.55459760210103,12.595272316190472,97.896,0.0,0,0.03671348333329938
9.0,9.67760480070839,12.632143155,100.0,7.0,1.9799999999999898,0.036620369999999625
11.4,14.720325303752677,12.668932319285714,97.36600000000001,0.0,0,0.0365212450000012
15.8,17.409877671765166,12.705634022619057,94.592,0.0,0,0.03641597666669938
15.5,16.535765982920616,12.742242362857157,92.35466666666667,0.0,0,0.036304424999999085
16.1,17.678161820545146,12.778751312857157,89.62666666666667,0.0,0,0.03618643833330104
12.9,14.282550037092921,12.815154712619059,86.61266666666667,0.0,0,0.03606186000000022
14.6,14.756141998276942,12.85144626166667,83.31666666666668,0.0,0,0.03593052833329935
14.4,13.575937850344367,12.887619510952387,80.964,0.0,0,0.035792271666700515
14.0,16.520957013631858,12.923667855000001,78.51200000000001,0.0,0,0.035646908333299976
16.3,19.22253611891524,12.959584525,75.36000000000001,0.0,0,0.03549425833339903
18.7,18.806311523273088,12.995362581190474,72.42600000000002,0.0,0,0.035334128333300185
17.7,19.475048370950113,13.030994906190472,69.64666666666669,0.0,0,0.035166320000000084
11.8,8.729846702721112,13.066474199047615,69.98000000000002,0.5,0,0.03499063499999977
11.7,14.415866435704238,13.101792968095241,68.38933333333335,0.5,0,0.03480686166670033
11.0,10.929282798355942,13.1369435254762,67.38600000000002,0.0,0,0.034614790000000895
13.4,12.425740978509921,13.171917981904773,72.02800000000002,7.0,0,0.03441420166659981
15.2,16.191036118801513,13.206708241190485,73.92266666666669,4.5,0,0.03420487833339969
16.2,18.817896617612224,13.241305995476198,73.29600000000002,3.5,0,0.03398659333329945
16.6,19.099805640847986,13.275702721666672,70.29800000000002,0.0,0,0.03375912333330078
17.8,20.6336898180299,13.309889676428572,66.98800000000001,0.0,0,0.03352223499999951
18.2,20.959166767345785,13.343857894047614,63.72600000000001,0.0,0,0.033275701666699575
18.1,21.29245758350325,13.377598183095229,60.34151214000002,0.0,0,0.03301929000000037
18.6,18.411900990710567,13.411101124523798,58.17102794832423,0.0,0,0.03275276833329954
17.8,16.67102870047659,13.444357069999986,57.21236940773584,0.0,0,0.03247590666670064
16.7,14.665976879325264,13.477356140714273,75.21236940773584,27.0,0,0.03218846999999947
20.6,22.800327128389416,13.51008822761904,87.86170274106917,23.0,0,0.0318902366667011
21.0,22.81861726926993,13.542542991428572,84.64370274106918,0.0,0,0.03158097333330012
21.3,22.848160201820825,13.57470986380953,81.10036940773584,0.0,0,0.03126046166669916
18.6,18.657463473307686,13.606578049523817,77.4270360744025,0.0,0,0.030928483333299894
18.1,15.509350777125814,13.63813652904763,77.07370274106916,0.0,0,0.030584825000000038
14.3,11.471020714258547,13.669374061904772,79.33970274106916,3.5,0,0.030229280000000358
16.5,20.316847880260333,13.700279191428587,76.11770274106917,0.0,0,0.029861646666699215
18.7,20.681710524520827,13.730840249761913,73.48770274106917,0.0,0,0.02948173833330081
19.3,21.649788333630696,13.761045364285726,71.21636940773584,1.5,0,0.02908936666669959
19.8,20.152282210929368,13.790882465000013,67.13836940773584,0.0,0,0.028684365000000156
20.6,21.179912918675765,13.820339292142872,62.8410360744025,0.0,0,0.028266568333300768
19.6,20.676635229023372,13.849403405952401,60.72606536101034,1.0,0,0.027835831666699562
19.3,19.634902873849157,13.8780621959524,63.59233036857299,5.5,0,0.02739201333329966
21.9,23.154092219351377,13.906302893809544,61.07407408597749,0.0,0,0.026935001666700487
19.9,18.50927617115032,13.934112583571444,60.413835567266375,0.5,0,0.026464681666599432
21.5,21.040801001034993,13.961478216666674,57.34843755058328,0.0,0,0.02598097000000088
21.1,21.618525714693643,13.988386625238102,53.771042016177894,0.0,0,0.025483793333398452
20.5,22.591261470360408,14.01482453857143,50.493159294871695,0.0,0,0.024973101666601494
21.1,22.98177087473072,14.040778598333329,47.96294708260568,0.0,0,0.024448856666699825
21.7,23.05049633488051,14.066235377619043,45.90725517064519,0.0,0,0.023911049999998824
17.5,16.236332963468264,14.09118139833333,80.57392183731186,52.0,0,0.023359691666700044
18.6,19.92404669648624,14.115603151428571,91.58925517064519,19.5,0,0.022794808333300054
17.8,20.036038628280203,14.139487117619057,89.06858850397852,0.0,0,0.02221646166669977
20.6,24.006006130941813,14.162819788571428,85.37392183731185,0.0,0,0.02162472666659987
22.7,23.14276507575015,14.185587689047628,82.94992183731186,0.0,0,0.02101970833340161
21.3,21.591779064997034,14.207777401190487,86.17792183731187,7.5,0,0.020401538333299385
21.4,22.048179966379536,14.229375587619058,99.01458850397853,21.5,0,0.019770369999999815
22.7,24.73863956996683,14.250369017142859,95.91792183731187,0.0,0,0.01912639333330013
23.1,24.920048674514753,14.2707445897619,92.63592183731186,0.0,0,0.018469809999999143
24.1,26.339730904106794,14.290489362380942,88.53925517064518,0.0,0,0.01780086166670003
25.6,26.9045535396668,14.309590576428572,84.19525517064518,0.0,0,0.01711981666670148
26.6,27.339682379189533,14.328035684047611,79.47192183731185,0.0,0,0.016426963333298517
25.5,26.562323289643793,14.345812375476186,75.40192183731185,0.0,0,0.015722625000000434
24.0,25.772347848808003,14.362908607380941,72.09592183731185,0.0,0,0.015007153333300494
24.3,26.064767144633556,14.379312629047613,68.32192183731183,0.0,0,0.014280921666699697
21.2,19.050868768346405,14.395013010952384,79.99058850397851,18.0,0,0.01354433166670077
19.9,18.18965741990647,14.409998672380956,100.0,123.5,93.48588275596776,0.01279781833329885
18.4,17.37417498986027,14.424258908095242,100.0,61.5,61.5,0.012041836666700334
20.5,19.96014138016741,14.4377834152381,100.0,6.5,6.201999999999998,0.011276863333300469
22.9,23.2453374512437,14.45056232,100.0,4.5,2.438999999999993,0.010503408333299546
23.5,24.86544286713289,14.462586202619056,99.07133333333333,2.0,0,0.009721998333400705
22.2,21.021092342711107,14.473846123095242,100.0,13.0,11.472000000000008,0.008933186666599369
22.0,21.347215248226497,14.4843336447619,100.0,16.0,15.586999999999989,0.008137539999999888
24.9,26.96258421289921,14.494040857380941,97.21266666666666,1.5,0,0.0073356550000003296
24.7,26.405993963313257,14.502960398571416,92.62733333333331,0.0,0,0.00652813666670049
24.4,26.858525542877068,14.511085474999986,87.98399999999998,0.0,0,0.005715609999999316
25.0,26.34093248376835,14.518409881428555,84.04466666666664,0.0,0,0.004898718333299357
24.3,25.002057052853672,14.524928018333314,81.40199999999997,0.0,0,0.004078111666700579
23.2,21.144084471701397,14.53063490785713,80.52533333333332,0.0,0,0.0032544550000004335
24.8,26.046511002733993,14.535526208571415,76.36599999999999,0.0,0,0.0024284183333005416
24.6,26.28470374214931,14.539598227857129,72.56466666666664,0.0,0,0.0016006849999996575
24.6,25.723474463596524,14.54284793309523,69.77066666666664,0.0,0,0.0007719383333988361
22.5,21.124207042489257,14.545272960238085,73.3373333333333,6.0,0,-5.713666669926454e-05
24.2,23.956349180142887,14.546871621190473,71.10866666666664,0.0,0,-0.0008858450000008844
22.6,22.157305955806745,14.54764290833333,73.52066666666663,5.0,0,-0.001713504999999671
22.6,21.609117589187377,14.547586497619042,76.55066666666663,5.5,0,-0.002539429999998788
23.6,25.23867908276653,14.5467027497619,73.7233333333333,0.0,0,-0.003362941666701147
23.9,23.224724823753768,14.544992708809529,77.57466666666663,7.5,0,-0.004183366666600463
22.8,22.05655893173076,14.54245809880953,85.90066666666665,13.0,0,-0.005000044999999176
23.3,24.899793251982565,14.539101319285717,100.0,27.5,3.7109999999999843,-0.00581232333339976
23.6,24.45486639121733,14.534925437142858,97.788,0.0,0,-0.006619563333300604
25.3,26.712843007539156,14.529934177857143,95.49399999999999,1.5,0,-0.007421145000000351
25.8,27.59708153233769,14.524131914761899,91.55999999999999,0.0,0,-0.008216456666700012
24.8,24.681613965522978,14.517523655714285,91.06733333333331,2.0,0,-0.009004913333299669
21.6,20.721620867465653,14.51011502833333,94.25399999999998,5.0,0,-0.009785944999999074
22.0,20.25072916557777,14.501912264285698,95.17133333333332,1.5,0,-0.010559001666701207
24.2,26.295589306734648,14.492922180952371,91.85866666666665,0.0,0,-0.011323558333298678
23.4,22.163710814998666,14.483152161904757,96.49333333333333,7.0,0,-0.012079113333300029
26.8,28.585881593454452,14.472610136666656,92.29733333333331,0.0,0,-0.01282518833339985
24.2,23.143466322019822,14.461304558571427,98.0533333333333,9.0,0,-0.013561326666600593
26.6,27.505162288313763,14.449244381666672,98.3433333333333,3.5,0,-0.0142871049999993
28.5,30.15316469145604,14.436439036428572,97.47399999999998,4.0,0,-0.01500212333340123
29.2,29.52357233601648,14.422898405,93.1713333333333,0.0,0,-0.01570600500000019
26.9,25.046746488159492,14.408632795238102,92.14599999999996,0.0,0,-0.01639840666659964
28.5,28.932831561835677,14.393652914761901,88.89999999999996,0.0,0,-0.01707900833340048
28.2,28.324946074775966,14.377969844047612,85.4293333333333,0.0,0,-0.017747519999998573
28.0,30.12121090885352,14.361595008333328,81.24866666666664,0.0,0,-0.018403681666601557
27.1,27.667724197619165,14.344540151428557,78.40466666666663,0.0,0,-0.019047253333399183
24.9,23.09560440571704,14.326817307380944,79.6353333333333,2.5,0,-0.01967803333329954
23.8,22.499758843961143,14.308438773333327,83.56599999999996,6.5,0,-0.02029583500000065
24.5,25.5841455300556,14.289417081428557,100.0,53.0,25.203999999999922,-0.020900511666699373
25.0,26.2034039040189,14.269764972380942,97.66533333333332,0.0,0,-0.021491928333301047
27.7,29.19123593562039,14.249495367380943,94.13,0.0,0,-0.022069991666699096
29.4,30.158329432225806,14.228621343333314,90.316,0.0,0,-0.022634614999999414
29.9,28.975853729846,14.207156104761884,92.46133333333331,7.0,0,-0.023185755000000086
30.5,30.87664776992007,14.185112960238072,88.086,0.0,0,-0.023723375000001212
30.5,31.714403915244432,14.162505296428543,83.72999999999999,0.0,0,-0.024247469999998827
30.1,30.616943381992144,14.139346554523785,81.70066666666665,3.0,0,-0.024758058333301136
27.7,26.969728666420053,14.11565020714283,77.94466666666665,0.0,0,-0.02525516666669958
27.6,28.222625722143825,14.091429735952357,73.67199999999998,0.0,0,-0.02573885833330003
27.9,28.60128580136817,14.066698609523785,70.06266666666664,0.0,0,-0.02620920166670082
29.5,30.681164349420875,14.0414702640476,65.77933333333331,0.0,0,-0.026666288333299093
29.8,31.141280175274296,14.015758082857129,61.45434216666664,0.0,0,-0.027110224999999488
30.9,30.87546834507996,13.98957537785713,57.28466505065831,0.0,0,-0.02754113666670044
31.0,30.679040149877736,13.962935373333314,53.37154958104784,0.0,0,-0.02795915499999957
30.5,30.361635464392812,13.935851187142843,50.01127681942508,0.0,0,-0.028364438333300157
31.1,31.631959039143688,13.90833581785713,46.319444364615116,0.0,0,-0.028757139999999737
30.8,31.427245386333347,13.880402128571417,42.90894367604851,0.0,0,-0.02913744166670007
29.7,30.38788258514345,13.852062834523798,40.007440904674105,0.0,0,-0.029505521666600032
29.0,26.766506186762832,13.823330490238087,38.82602117475908,0.0,0,-0.02986157666670053
25.4,23.808492115501643,13.794217479285715,38.429219238353035,0.0,0,-0.030205803333300807
26.3,25.410714035943833,13.764736002380957,67.7818859050197,45.0,0,-0.03053841666669932
29.4,30.536211623811248,13.7348980704762,63.45055257168637,0.0,0,-0.03085962333329917
26.3,24.346742356278035,13.704715494523814,63.183041699794416,0.5,0,-0.031169648333401412
26.7,28.07142379709996,13.674199879523814,60.21722972240606,0.0,0,-0.03146871499999904
27.1,26.233569824778094,13.643362617619044,72.49122972240608,19.5,0,-0.03175704999999951
29.5,31.203785031404372,13.612214882857142,68.12322972240608,0.0,0,-0.032034886666600926
27.0,25.55963179784343,13.58076762642857,68.20589638907273,1.5,0,-0.03230245499999995
26.2,26.97244373716152,13.549031574047612,66.03922972240606,0.0,0,-0.032559988333400014
29.1,29.34141111740476,13.51701722166666,62.833025119383244,0.0,0,-0.032807723333299066
30.3,31.041547174995188,13.484734834285716,58.593680914578464,0.0,0,-0.033045893333300214
31.1,31.50505928281226,13.452194444523814,55.005403895369675,0.0,0,-0.03327473166670103
30.5,31.058922239049615,13.41940585166667,51.76008506554286,0.0,0,-0.03349447166669961
30.2,31.09987156215334,13.386378622619045,48.55199499318052,0.0,0,-0.03370533999999914
27.6,25.700192523724517,13.353122091666657,47.41199415074064,0.0,0,-0.03390756833330144
28.4,27.767974051294196,13.319645362380943,45.369485442726734,0.0,0,-0.03410137666669932
27.0,25.420929220089242,13.285957309285697,44.41581885872062,0.0,0,-0.03428699000000002
25.2,22.68623334614551,13.25206658047617,44.38073036182223,0.0,0,-0.03446462333329947
21.2,19.3304430358389,13.217981600952356,47.71406369515556,5.0,0,-0.034634486666700326
21.1,19.9833032132241,13.183710575714269,52.38073036182222,7.0,0,-0.03479679166660077
23.3,22.180417198401454,13.149261493571414,52.22329576215367,0.5,0,-0.03495173833339926
22.6,22.570580700204715,13.114642132142842,68.27196242882033,26.0,0,-0.03509952333330091
23.2,22.145415411969953,13.079860062142842,67.32329576215366,0.0,0,-0.03524033666669979
21.8,20.488050035929668,13.044922652619045,92.98996242882033,38.5,0,-0.03537436666660021
24.5,26.284914786171598,13.009837076904756,89.80529576215368,0.0,0,-0.035501786666699786
24.1,22.80150079114226,12.974610317619042,88.42729576215368,0.0,0,-0.03562277166670036
25.2,23.32693206753566,12.939249173809515,87.24262909548702,0.0,0,-0.035737483333299735
27.8,27.681080301106746,12.903760266904756,84.83996242882034,0.0,0,-0.03584607999999889
27.3,26.80561647182906,12.868150046904757,88.97396242882036,9.0,0,-0.035948714999999964
21.7,19.722588914104072,12.8324248002381,92.3072957621537,5.0,0,-0.03604552333329991
22.1,20.497948791168707,12.79659065666667,93.34196242882035,2.0,0,-0.03613664500000091
23.5,23.95572154972898,12.760653596190485,92.14462909548703,1.5,0,-0.03622220499999962
23.4,22.955596106130738,12.72461945714287,100.0,81.0,67.26894364323053,-0.036302321666699555
21.8,19.985156962485796,12.688493943809544,100.0,4.5,4.5,-0.03637710333330091
23.5,24.133440557532097,12.652282634047642,97.08800000000001,0.0,0,-0.036446654999998884
23.1,22.815450451228642,12.615990988333357,94.76466666666667,0.0,0,-0.03651106666670145
23.8,24.53562751446595,12.579624356428585,91.57266666666666,0.0,0,-0.03657042666669952
24.1,22.119014431080096,12.543187987142872,90.01066666666667,0.0,0,-0.03662480666659995
25.1,25.49650975636313,12.506687036190485,87.23133333333331,0.0,0,-0.03667427666669987
23.3,20.74495567173718,12.470126575000013,85.9953333333333,0.0,0,-0.03671889333329936
22.3,19.505860719750533,12.433511599047629,83.92133333333331,0.0,0,-0.036758706666701
22.3,18.929788566185763,12.396847037142859,81.83466666666665,0.0,0,-0.03679375666670026
20.5,16.208479601105566,12.36013776,81.55799999999998,0.0,0,-0.03682407333329962
21.3,21.915870161980127,12.323388589285713,78.69133333333332,0.0,0,-0.03684968166670011
22.6,21.82903639231047,12.286604307142856,76.49266666666664,0.0,0,-0.03687058666660015
22.1,21.94256799761562,12.249789664523815,73.71599999999997,0.0,0,-0.03688679999999955
22.4,21.625308967918055,12.212949390952387,78.14999999999996,8.5,0,-0.03689830999999977
24.4,21.955913039219578,12.176088204047627,81.51999999999997,5.5,0,-0.036905100000000246
22.9,23.053353105785842,12.139210818571444,78.92199999999997,0.0,0,-0.036907146666699475
20.2,19.272856975371127,12.102321955476201,77.35999999999996,0.0,0,-0.03690441666670097
21.7,22.494066410885058,12.065426352380971,74.6573333333333,0.0,0,-0.03689686166659989
23.5,22.89189196661998,12.028528772142872,71.5973333333333,0.0,0,-0.036884426666699
24.7,23.83998273724554,11.991634013333341,68.89866666666663,0.0,0,-0.036867050000001456
21.2,17.936367245931592,11.954746919047627,72.23199999999996,5.0,0,-0.03684465833329931
21.7,20.507296641646054,11.91787238714286,71.48333333333329,0.0,0,-0.03681716333339935
25.7,25.914362519245806,11.881015379523815,68.78466666666662,0.0,0,-0.03678447666660034
24.2,20.720392103546995,11.844180932857157,67.84333333333329,0.0,0,-0.03674649000000052
17.2,14.518674203887322,11.80737416714287,100.0,148.5,100.26499999999993,-0.03670309500000002
21.3,20.011893864668362,11.7706002959524,100.0,123.5,122.291,-0.03665416499999985
20.0,19.206138096305757,11.733864636428587,98.34266666666667,0.0,0,-0.03659956833340061
20.3,18.753542221566576,11.697172619523814,96.91866666666668,0.0,0,-0.03653915999999846
21.0,19.041444247275095,11.660529798333343,95.98866666666666,0.0,0,-0.03647279333330111
22.4,21.246827756200194,11.623941859761915,94.09066666666666,0.0,0,-0.03640029833329983
20.3,19.553315167688737,11.587414632380957,92.49666666666667,0.0,0,-0.03632151166669928
18.6,15.877561879750868,11.550954097857144,91.61133333333333,0.0,0,-0.03623624500000133
18.1,15.38480678074356,11.5145663997619,100.0,49.0,36.417,-0.03614430999999918
23.1,22.233915926445118,11.478257852619041,100.0,14.0,10.086999999999989,-0.03604551166669978
15.9,11.553920529350332,11.442034952380956,100.0,9.0,9.0,-0.035939631666600746
16.8,17.700856416700343,11.405904385714285,98.58,0.0,0,-0.03582645833339981
18.4,17.941020060896676,11.369873038095227,96.382,0.0,0,-0.035705764999999445
17.5,15.87660435972466,11.333948004761897,94.51,0.0,0,-0.03557731166660005
18.3,18.107187209105934,11.298136597857141,92.49466666666667,0.0,0,-0.035440859999999574
19.4,18.02617361972678,11.262446355952386,91.45733333333334,0.0,0,-0.03529615500000105
19.0,16.82739625960629,11.226885053095243,92.12400000000001,1.0,0,-0.03514293833339899
16.1,13.55144950817662,11.191460705714286,100.0,26.0,14.186000000000007,-0.034980943333300374
14.3,11.977640956356566,11.156181581190484,100.0,5.5,5.5,-0.03480989833330028
16.7,16.51555729287202,11.121056206190485,98.65666666666667,0.0,0,-0.0346295183334
18.3,19.167288369241398,11.086093372380958,97.13000000000001,0.0,0,-0.03443952333329925
20.1,18.927558241534193,11.051302144761902,98.12000000000002,3.0,0,-0.03423961666670117
19.3,17.380911041069663,11.016691866666656,97.31666666666669,0.0,0,-0.03402950833329932
15.8,13.457026464460217,10.98227216642857,95.35533333333335,0.0,0,-0.033808893333299395
16.4,14.672273387018102,10.948052962619043,93.43200000000002,0.0,0,-0.03357746833340158
16.8,15.918449910594962,10.914044468809513,91.93733333333336,0.0,0,-0.033334928333299985
18.4,14.968185149909239,10.880257197380942,91.55600000000003,0.0,0,-0.03308096166669827
16.8,14.300638961664937,10.846701963333329,97.88933333333335,9.5,0,-0.03281526166660065
19.5,18.93830685562343,10.813389886190473,97.53733333333336,0.5,0,-0.03253751833340068
18.0,14.038584462528725,10.780332393095227,96.45066666666669,0.0,0,-0.03224741999999914
16.2,14.43372858340765,10.747541219285699,94.66333333333336,0.0,0,-0.03194465833330007
15.2,11.58180201970335,10.715028407380943,94.1966666666667,0.0,0,-0.031628935000000524
17.7,15.704833659263603,10.682806308095229,95.08333333333337,2.0,0,-0.03129994000000025
17.7,14.640999245846771,10.650887576666658,93.4986666666667,0.0,0,-0.03095738666669945
14.1,7.3206451197283995,10.619285171190457,93.4986666666667,0.0,0,-0.030600980000000888
14.9,12.424864200104864,10.58801234809523,94.11133333333336,1.0,0,-0.030230441666599717
17.8,16.73485714784202,10.557082656666656,93.00466666666671,0.5,0,-0.029845498333399334
14.5,9.41448262007178,10.526509932380943,93.00466666666671,0.0,0,-0.029445888333299308
14.1,11.302562009337827,10.496308289761899,95.00466666666671,3.0,0,-0.02903136333330103
15.0,13.38572502699422,10.466492111904758,93.54400000000004,0.0,0,-0.028601686666700488
12.8,10.774322546370858,10.437076040952386,92.11266666666671,0.0,0,-0.028156638333300066
12.7,10.726713163452214,10.4080749657143,90.6773333333334,0.0,0,-0.02769600999999966
12.5,10.361859704342155,10.379504007619056,89.52800000000006,0.0,0,-0.027219621666699112
12.1,9.446269044543214,10.351378506190485,88.89733333333339,0.0,0,-0.026727301666699788
12.9,10.726373749604907,10.323714001666671,87.57000000000005,0.0,0,-0.02621891000000076
12.1,9.715744717564352,10.296526217380956,86.15400000000005,0.0,0,-0.025694321666600572
9.1,5.961213964881565,10.269831039761915,97.73933333333338,17.5,0,-0.02515343999999864
12.3,12.40705474956215,10.24364449690477,96.88200000000005,0.0,0,-0.024596195000000876
13.8,13.26547507701762,10.217982734761915,95.87533333333337,0.0,0,-0.02402254499999934
14.1,13.128490603689873,10.192861994047629,94.77133333333337,0.0,0,-0.02343247166670004
13.2,9.863635849397681,10.16829858214287,94.50000000000004,0.0,0,-0.022826000000000235
11.1,7.422389151144762,10.144308847380971,100.0,10.0,1.7500000000000568,-0.022203170000000938
9.2,5.57620043637479,10.120909148333343,100.0,44.0,44.0,-0.021564071666698936
12.9,12.856756290122746,10.098115823571428,100.0,1.5,0.16300000000001091,-0.020908820000000716
14.1,11.497689188382676,10.07594516,99.99533333333332,0.0,0,-0.020237566666599704
13.8,11.157984432233526,10.054413359523805,100.0,8.0,7.992999999999995,-0.019550503333370273
15.1,13.576492491623306,10.033536503809518,100.0,1.0,0.40399999999999636,-0.018847858333328915
13.5,11.042356347355504,10.013330520238089,100.0,11.0,11.0,-0.018129895000001284
10.8,3.1552779263788073,9.993811143571422,100.0,0.0,0,-0.01739692166666984
8.2,4.641223817716898,9.97499388047619,99.122,0.0,0,-0.016649276666660384
8.8,4.421879873016922,9.9568939702381,100.0,5.0,3.6829999999999927,-0.015887349999999856
8.3,4.2407986360351755,9.939526346666668,99.69866666666667,0.0,0,-0.015111559999999358
5.1,3.8895767116803475,9.922905599285714,98.926,0.0,0,-0.014322370000000362
6.2,4.319797054880872,9.907045934523811,98.03133333333332,0.0,0,-0.013520279999999829
6.6,5.1550026490439285,9.891961136428574,97.262,0.0,0,-0.012705828333340108
7.3,5.613054869934145,9.877664527857144,96.37933333333334,0.0,0,-0.01187959499999991
7.3,3.6655895727052963,9.864168931904763,95.73266666666666,0.0,0,-0.01104218833332915
9.6,5.75444074020963,9.85148663452381,96.73266666666666,1.5,0,-0.010194260000000455
9.3,3.8942291034585628,9.839629347619047,96.47066666666666,0.0,0,-0.009336486666670751
7.0,6.062674847105142,9.828608172857141,95.62066666666665,0.0,0,-0.00846958500000028
4.8,3.3311089990871876,9.818433566666664,94.85533333333332,0.0,0,-0.007594299999999166
5.3,3.7395560163232977,9.809115307857141,94.01799999999999,0.0,0,-0.0067113966666596525
3.6,-0.7039359493517958,9.80066246595238,100.0,18.0,9.026999999999987,-0.005821676666670328
4.3,3.4293563488268743,9.793083370714283,99.16533333333332,0.0,0,-0.00492596166666992
4.0,2.2883156726855267,9.786385585714285,98.198,0.0,0,-0.004025088333330373
5.4,3.7161668076385714,9.780575882142855,97.31,0.0,0,-0.0031199166666695533
5.3,1.378242489081436,9.775660216428571,100.0,21.0,16.965000000000003,-0.0022113200000006827
8.6,6.634406656093165,9.77164370952381,99.58,0.0,0,-0.0013001883333298991
7.1,5.073041635148942,9.768530629047618,98.59066666666666,0.0,0,-0.00038741166667044524
6.3,4.342773760451457,9.766324375238094,97.65533333333335,0.0,0,0.0005261100000009122
5.9,4.176745081198603,9.765027468333331,97.004,0.0,0,0.0014394666666692757
6.3,2.149858455861895,9.764641540238092,96.51133333333333,0.0,0,0.0023517633333298704
5.1,2.9789532010290243,9.76516732785714,95.548,0.0,0,0.003262093333340488
4.6,2.660849507379079,9.766604671190475,94.58266666666665,0.0,0,0.004169570000000178
3.8,1.7928823553797768,9.768952514047617,93.92266666666666,0.0,0,0.005073308333329862
4.2,0.016641723278545406,9.772208906666666,97.58933333333333,5.5,0,0.0059724366666706885
6.6,6.012300457994804,9.77637101309524,97.15933333333332,0.0,0,0.006866106666659988
8.0,7.08246751113074,9.781435120952382,96.47066666666666,0.0,0,0.007753476666669812
